시군구명,행정동명,예측_폐업률,위험등급,리스크_이유,집객시설_수,카페밀도지수,유동인구수,유사업종비율,위도,경도
강남구,개포1동,2.90625,안전,집객 시설 인프라 부족,5.0,0.3333333333333333,24780.766674242426,0.5,37.482734989746206,127.05762967583851
강남구,개포2동,2.98375,안전,"유사 업종 경쟁 치열, 집객 시설 인프라 부족",42.0,0.7906976744186046,30702.559874924245,1.9710144927536233,37.486478564708385,127.0659479935652
강남구,개포4동,4.48875,안전,"수요 대비 과포화, 배후 유동인구 부족, 집객 시설 인프라 부족",56.4,0.9233449477351917,15697.941341969698,1.3503184713375795,37.477060708113356,127.04901320719577
강남구,논현1동,4.4375,안전,"카페 밀도 매우 높음, 수요 대비 과포화 심함",67.25,2.7545787545787546,39520.33185492425,1.2789115646258504,37.51091707471466,127.02582660007563
강남구,논현2동,3.74875,안전,"카페 밀도 높음, 수요 대비 과포화 심함",89.2,2.4168514412416853,45490.748467424244,1.3132530120481927,37.51522987589217,127.03613017318244
강남구,대치1동,6.15125,주의,유사 업종 경쟁 치열,81.66666666666667,0.375,40616.79588590909,2.48,37.49476242168618,127.05955865384928
강남구,대치2동,3.38,안전,"카페 밀도 높음, 유사 업종 경쟁 치열, 집객 시설 인프라 부족",52.0,2.4339622641509435,52052.00986075758,1.4659090909090908,37.50410027964365,127.06190502021687
강남구,대치4동,4.3825,안전,"카페 밀도 높음, 수요 대비 과포화",96.5,1.435897435897436,40616.79588590909,1.4035087719298245,37.501738913137345,127.05400138013098
강남구,도곡1동,3.3825,안전,"카페 밀도 높음, 집객 시설 인프라 부족",45.666666666666664,1.2428571428571429,44840.331834242425,1.3647058823529412,37.48797422456415,127.03744286977742
강남구,도곡2동,3.483125,안전,"카페 밀도 매우 높음, 유사 업종 경쟁 치열, 집객 시설 인프라 부족",19.0,3.9,27355.08761424242,1.5678391959798994,37.485970841489824,127.04692404109882
강남구,삼성1동,2.09125,안전,"카페 밀도 매우 높음, 수요 대비 과포화, 유사 업종 경쟁 치열, 집객 시설 인프라 부족",52.0,3.0,41121.114125,1.4688221709006928,37.51170244781688,127.0591443902226
강남구,삼성2동,4.20375,안전,"카페 밀도 매우 높음, 수요 대비 과포화, 집객 시설 인프라 부족",39.333333333333336,3.371900826446281,38455.17260363636,1.2197309417040358,37.51013024774212,127.0498083327125
강남구,세곡동,2.35125,안전,"카페 밀도 높음, 집객 시설 인프라 부족",31.6,1.656441717791411,46380.67254810606,1.375796178343949,37.470540120386026,127.10394039555929
강남구,신사동,4.8525,안전,"카페 밀도 매우 높음, 수요 대비 과포화 심함, 유사 업종 경쟁 치열, 집객 시설 인프라 부족",43.5,4.359550561797753,33057.85512030303,1.7839080459770116,37.52156062840779,127.02381474539446
강남구,압구정동,4.045,안전,"카페 밀도 매우 높음, 수요 대비 과포화 심함",62.5,2.9763779527559056,39967.34815431818,1.237315875613748,37.52580489724463,127.03433386367486
강남구,역삼1동,3.505,안전,"카페 밀도 매우 높음, 수요 대비 과포화 심함",66.42857142857143,7.622881355932203,98667.8944280303,1.3154190658989124,37.49987883009461,127.03500040540516
강남구,역삼2동,4.27125,안전,카페 밀도 높음,79.5,1.7267080745341614,53114.366328106065,1.3206650831353919,37.49953102974043,127.04426650315197
강남구,일원1동,3.53,안전,배후 유동인구 부족,89.0,0.3888888888888889,13806.403668939392,1.3333333333333333,37.491721755614805,127.08406087017642
강남구,청담동,3.27625,안전,"카페 밀도 높음, 수요 대비 과포화, 집객 시설 인프라 부족",52.333333333333336,2.49375,40957.28173098485,1.1692307692307693,37.52279332317109,127.04709696994695
강동구,강일동,5.38,주의,집객 시설 인프라 부족,53.0,0.46296296296296297,49255.47973212121,1.3157894736842106,37.56766500755356,127.17432180922752
강동구,고덕1동,5.185,주의,집객 시설 인프라 부족,44.0,0.5555555555555556,23577.06211431818,1.4492753623188406,37.55948472726146,127.15194370463288
강동구,고덕2동,4.73,안전,"카페 밀도 높음, 유사 업종 경쟁 치열, 집객 시설 인프라 부족",32.5,1.791044776119403,22300.784034848482,1.5384615384615385,37.56076566685046,127.16453166518743
강동구,길동,4.76125,안전,유사 업종 경쟁 치열,101.83333333333333,0.9432739059967585,60648.70691795454,1.7244444444444444,37.53834209600908,127.1417665833316
강동구,둔촌1동,3.59875,안전,유사 업종 경쟁 치열,69.8,0.22598870056497175,25948.59905659091,2.909090909090909,37.52625776841403,127.13843810981697
강동구,둔촌2동,2.5025,안전,상권 경쟁 강도 높음,69.8,0.7627118644067797,25948.59905659091,1.0909090909090908,37.531574024069684,127.14280026430697
강동구,명일1동,4.99,안전,"수요 대비 과포화, 유사 업종 경쟁 치열",132.0,0.5714285714285714,23835.604689848486,1.5124378109452736,37.549939915606366,127.14496680828985
강동구,명일2동,4.27375,안전,"카페 밀도 높음, 배후 유동인구 부족, 유사 업종 경쟁 치열, 집객 시설 인프라 부족",31.0,1.40625,15404.421544696968,1.9565217391304348,37.55178140404171,127.15444004479824
강동구,성내1동,3.10375,안전,"카페 밀도 높음, 수요 대비 과포화, 유사 업종 경쟁 치열, 집객 시설 인프라 부족",57.333333333333336,1.697142857142857,22293.17633318182,1.523076923076923,37.52896378205125,127.12479523209916
강동구,성내2동,5.3825,주의,상권 경쟁 강도 높음,175.0,0.39204545454545453,24300.192277651513,1.1548117154811715,37.534739093448096,127.12745682413993
강동구,성내3동,4.9075,안전,상권 경쟁 강도 높음,99.0,0.8,28142.023334848487,1.1307420494699647,37.52797455380752,127.13428603409378
강동구,암사1동,5.10125,주의,상권 경쟁 강도 높음,82.66666666666667,0.549800796812749,28663.173469469697,1.0760233918128654,37.551470831966775,127.13254328431289
강동구,암사2동,5.97375,주의,"배후 유동인구 부족, 집객 시설 인프라 부족",34.0,0.8571428571428571,13894.244540075757,1.2371134020618557,37.551459782337545,127.12683438280577
강동구,암사3동,5.91125,주의,유사 업종 경쟁 치열,63.2,0.3426791277258567,28663.173469469697,1.7959183673469388,37.55550921165628,127.13699952833554
강동구,천호1동,5.91375,주의,상권 경쟁 강도 높음,74.75,0.43564356435643564,30166.46075257576,1.1282051282051282,37.54631505122212,127.13888065720583
강동구,천호2동,4.74875,안전,유사 업종 경쟁 치열,101.4,1.005859375,44990.38207068182,1.4661921708185053,37.54249015241772,127.12635550996923
강동구,천호3동,6.1575,주의,상권 경쟁 강도 높음,77.66666666666667,0.635593220338983,27794.29883106061,1.408450704225352,37.538961059650966,127.13182139455206
강북구,미아동,3.73875,안전,상권 경쟁 강도 높음,142.0,0.32167832167832167,21334.570530757577,1.2348993288590604,37.62827170737331,127.02509242911192
강북구,삼각산동,5.5225,주의,유사 업종 경쟁 치열,75.0,0.3684210526315789,19390.676973636364,1.5774647887323943,37.61830315516896,127.01775669454464
강북구,삼양동,4.32375,안전,유사 업종 경쟁 치열,86.5,0.30857142857142855,21029.108426212122,1.8305084745762712,37.623169199246746,127.01743335739184
강북구,송중동,5.82,주의,유사 업종 경쟁 치열,114.0,0.6086956521739131,31264.830199848482,1.6091954022988506,37.61592871373469,127.03148401916435
강북구,송천동,6.96625,위험,상권 경쟁 강도 높음,89.2,0.45454545454545453,23649.109285000002,1.1310344827586207,37.618206259079074,127.02567375221562
강북구,우이동,4.24875,안전,"카페 밀도 높음, 수요 대비 과포화, 배후 유동인구 부족, 집객 시설 인프라 부족",51.0,1.2884615384615385,16968.71936310606,1.3958333333333333,37.65330310086113,127.01155167918853
강북구,인수동,4.0,안전,집객 시설 인프라 부족,57.857142857142854,0.9344660194174758,26028.058839999998,0.9691629955947136,37.638967194986925,127.01487418088611
강서구,가양1동,3.539375,안전,"카페 밀도 매우 높음, 수요 대비 과포화 심함",72.0,3.9726027397260273,44312.65878795455,1.3959085439229844,37.56382213728344,126.83281612007897
강서구,가양2동,5.75125,주의,유사 업종 경쟁 치열,60.333333333333336,0.21195652173913043,44312.65878795455,4.333333333333333,37.563572653472264,126.85283094854405
강서구,가양3동,11.065,위험,"배후 유동인구 부족, 집객 시설 인프라 부족",37.0,0.23684210526315788,11764.33138439394,1.2857142857142858,37.56014148588413,126.86059973134593
강서구,공항동,7.0,위험,상권 경쟁 강도 높음,66.8,0.8702064896755163,36970.09372227273,1.4131736526946108,37.558659998891706,126.81402713626042
강서구,등촌1동,4.90875,안전,수요 대비 과포화,78.0,1.0379746835443038,18687.482610151517,1.4577777777777778,37.55633914111806,126.8591344376245
강서구,등촌2동,4.23625,안전,"배후 유동인구 부족, 유사 업종 경쟁 치열, 집객 시설 인프라 부족",44.0,0.5777777777777777,15439.600303257575,1.6507936507936507,37.54601854182861,126.86204416653246
강서구,등촌3동,7.90875,위험,유사 업종 경쟁 치열,96.66666666666667,0.8498293515358362,35186.19926878788,2.088050314465409,37.56160392228942,126.84498703578102
강서구,발산1동,4.5875,안전,"카페 밀도 높음, 수요 대비 과포화 심함, 유사 업종 경쟁 치열",77.0,1.9615384615384615,30750.953444545456,1.6495956873315365,37.55586315303137,126.82964439230071
강서구,방화1동,5.515,주의,유사 업종 경쟁 치열,88.6,1.015625,34775.28091674242,1.6851851851851851,37.56959075051948,126.81619968946015
강서구,방화2동,2.3925,안전,카페 밀도 높음,62.0,1.0952380952380953,25646.892777348483,1.3529411764705883,37.568533545589446,126.80733288226564
강서구,방화3동,3.255,안전,"배후 유동인구 부족, 집객 시설 인프라 부족",40.5,0.6024096385542169,15011.971018636365,1.3333333333333333,37.57755587894509,126.81331060660037
강서구,염창동,3.7525,안전,"카페 밀도 높음, 집객 시설 인프라 부족",54.0,1.3454545454545455,30094.364525454548,1.429951690821256,37.55188157579306,126.87118450946798
강서구,우장산동,4.01875,안전,유사 업종 경쟁 치열,96.0,0.5979381443298969,35761.62766295455,1.6111111111111112,37.550298002535115,126.83995627299508
강서구,화곡1동,6.21625,주의,상권 경쟁 강도 높음,141.0,0.6126760563380281,45351.788452727276,1.4262295081967213,37.53373506479122,126.84110299474982
강서구,화곡2동,3.47125,안전,배후 유동인구 부족,119.5,0.11618257261410789,13069.120221287878,1.018181818181818,37.531692497281824,126.85460541283443
강서구,화곡3동,5.26,주의,유사 업종 경쟁 치열,196.0,0.22842639593908629,18326.867976439393,1.5126050420168067,37.54390414557328,126.83601963016339
강서구,화곡4동,3.705,안전,배후 유동인구 부족,111.0,0.3392857142857143,14090.151108257576,1.345132743362832,37.533194036260355,126.86041353493697
강서구,화곡6동,5.5,주의,"카페 밀도 높음, 집객 시설 인프라 부족",48.2,1.1178861788617886,20079.285068787878,1.2021857923497268,37.552232803621756,126.85083197812666
강서구,화곡8동,5.26625,주의,유사 업종 경쟁 치열,155.0,0.28205128205128205,45340.481134166665,1.76,37.53281905358474,126.84801539680583
강서구,화곡본동,6.955,위험,상권 경쟁 강도 높음,139.5,0.24199288256227758,26644.28673560606,1.1724137931034482,37.54351080699192,126.84547471805848
관악구,낙성대동,3.00375,안전,수요 대비 과포화,144.0,0.5862068965517241,25375.905973636363,1.1643835616438356,37.47830922261069,126.95593913300303
관악구,난곡동,7.60125,위험,배후 유동인구 부족,88.33333333333333,0.17910447761194032,16287.206519469697,1.3061224489795917,37.47152590565717,126.92029138047685
관악구,난향동,2.18,안전,"배후 유동인구 부족, 집객 시설 인프라 부족",39.0,0.225,9757.146388560606,1.0,37.46260175306293,126.9187010559858
관악구,남현동,5.535,주의,상권 경쟁 강도 높음,109.0,0.3,22718.61777280303,1.064516129032258,37.4750093943253,126.97878641989983
관악구,대학동,4.185,안전,"카페 밀도 높음, 유사 업종 경쟁 치열",73.0,1.1216216216216217,34088.03810015151,1.7945945945945947,37.46856886651175,126.93749088008238
관악구,미성동,3.52125,안전,상권 경쟁 강도 높음,92.0,0.41935483870967744,20149.533470530303,1.3565217391304347,37.47774369372477,126.91537389582943
관악구,보라매동,4.73,안전,배후 유동인구 부족,73.33333333333333,0.6457399103139014,16057.429686515152,1.3241379310344827,37.489756617546284,126.93006641463195
관악구,삼성동,15.3275,위험,집객 시설 인프라 부족,47.25,0.14507772020725387,18947.498340151516,0.9032258064516129,37.469153875715214,126.93148682982874
관악구,서림동,4.369375,안전,배후 유동인구 부족,69.66666666666667,0.410377358490566,16949.423290833332,0.8854961832061069,37.47351401346465,126.93724041539625
관악구,서원동,5.83125,주의,상권 경쟁 강도 높음,72.5,0.6394557823129252,19485.35011507576,1.3623188405797102,37.48209374925305,126.93091710106856
관악구,성현동,5.171875,주의,집객 시설 인프라 부족,55.5,0.3893805309734513,20993.66676757576,0.8543689320388349,37.488138981109344,126.95097366588216
관악구,신림동,6.58875,위험,상권 경쟁 강도 높음,178.5,0.4233983286908078,28895.341910606057,1.345132743362832,37.48615630034507,126.928808799495
관악구,신사동,5.06625,주의,상권 경쟁 강도 높음,69.0,0.6571428571428571,19736.40023969697,0.42298850574712643,37.48531128218184,126.91773177084464
관악구,신원동,5.84,주의,"배후 유동인구 부족, 집객 시설 인프라 부족",53.0,0.5925925925925926,14855.081621287878,1.2673267326732673,37.48099216694433,126.92718401425697
관악구,은천동,5.355,주의,상권 경쟁 강도 높음,70.0,0.7464788732394366,26840.701359772727,1.3417721518987342,37.48490861225139,126.94202338083707
관악구,인헌동,4.705625,안전,상권 경쟁 강도 높음,95.5,0.44559585492227977,21946.69199,1.131578947368421,37.474651118825314,126.96541606003733
관악구,조원동,4.75125,안전,상권 경쟁 강도 높음,88.66666666666667,0.6356877323420074,32929.88558462121,1.1875,37.482753120804155,126.90747697615129
관악구,중앙동,4.58375,안전,"수요 대비 과포화, 배후 유동인구 부족",222.0,0.19730941704035873,12954.155198939394,1.2846715328467153,37.4837730955111,126.95086200359695
관악구,청룡동,5.665,주의,"카페 밀도 높음, 집객 시설 인프라 부족",47.666666666666664,1.6849315068493151,37342.829680984854,1.4577777777777778,37.48047426413163,126.94633976118878
관악구,청림동,6.7775,위험,"배후 유동인구 부족, 집객 시설 인프라 부족",57.0,0.1724137931034483,11895.988202727272,0.975609756097561,37.488769972711545,126.95869937932534
관악구,행운동,3.8125,안전,상권 경쟁 강도 높음,98.0,0.6868686868686869,24663.696437803028,1.4166666666666667,37.481201800429744,126.95847141875535
광진구,광장동,3.52375,안전,"카페 밀도 높음, 집객 시설 인프라 부족",40.333333333333336,1.4032258064516128,35231.50132833333,1.2210526315789474,37.5463468790398,127.10412839301269
광진구,구의1동,3.78375,안전,수요 대비 과포화,66.33333333333333,0.9504950495049506,21194.38568621212,1.2864321608040201,37.540334994513316,127.0860662500288
광진구,구의2동,4.77125,안전,"수요 대비 과포화, 유사 업종 경쟁 치열",58.5,1.0420168067226891,18725.959554621215,1.5121951219512195,37.55007299530512,127.09058461827058
광진구,구의3동,3.695,안전,"카페 밀도 높음, 유사 업종 경쟁 치열",64.5,1.1603053435114503,28707.96590287879,1.4901960784313726,37.537522938446095,127.09412206124416
광진구,군자동,5.3725,주의,"카페 밀도 높음, 집객 시설 인프라 부족",58.0,1.1864406779661016,23670.88500901515,1.1666666666666667,37.5535601855019,127.0740109491848
광진구,능동,2.71625,안전,배후 유동인구 부족,66.0,0.5671641791044776,14340.210436515152,1.4476190476190476,37.55452674048997,127.0815211208964
광진구,자양1동,3.340625,안전,상권 경쟁 강도 높음,106.0,0.4392523364485981,22888.605555075756,1.0561797752808988,37.53525912363605,127.08071564541835
광진구,자양2동,4.73125,안전,유사 업종 경쟁 치열,61.25,0.8674698795180723,23273.91586083333,1.565217391304348,37.532070523461336,127.08242456197766
광진구,자양3동,5.27625,주의,유사 업종 경쟁 치열,60.5,1.024390243902439,25255.15422613636,1.5,37.53536744670055,127.07217278615529
광진구,자양4동,5.17125,주의,상권 경쟁 강도 높음,121.0,0.6557377049180327,27121.126632424242,1.103448275862069,37.537521418029705,127.06600535084503
광진구,중곡1동,5.25875,주의,"수요 대비 과포화, 배후 유동인구 부족",65.66666666666667,0.705,14607.974956060607,1.0053475935828877,37.5616973212019,127.07919055545676
광진구,중곡2동,7.420625,위험,배후 유동인구 부족,92.33333333333333,0.43928571428571433,18196.658099848482,1.0718954248366013,37.558718467753565,127.08392751121964
광진구,중곡3동,2.99,안전,"수요 대비 과포화, 배후 유동인구 부족",117.0,0.3813559322033898,13676.942101590908,1.4516129032258065,37.56769827329371,127.08253888750916
광진구,중곡4동,7.44,위험,상권 경쟁 강도 높음,83.0,0.5,23558.58094621212,1.263157894736842,37.558097826733096,127.08963835438705
광진구,화양동,4.95,안전,"카페 밀도 매우 높음, 수요 대비 과포화, 집객 시설 인프라 부족",56.5,2.9043478260869566,38402.453937499995,1.1302876480541455,37.54401621580648,127.070525521412
구로구,가리봉동,4.1075,안전,배후 유동인구 부족,134.5,0.08856088560885608,11034.248204621214,1.1428571428571428,37.48228530969146,126.88844527602656
구로구,개봉1동,4.975,안전,유사 업종 경쟁 치열,94.66666666666667,0.554006968641115,26806.227321590908,1.4722222222222223,37.500025238431306,126.85104192497131
구로구,개봉2동,3.20125,안전,유사 업종 경쟁 치열,81.0,0.47560975609756095,21838.8827725,1.8571428571428572,37.492185259720266,126.85645130372525
구로구,개봉3동,2.76375,안전,상권 경쟁 강도 높음,78.33333333333333,0.3907563025210084,18802.5180230303,1.3191489361702127,37.486986500829886,126.85499199530331
구로구,고척1동,2.02625,안전,집객 시설 인프라 부족,57.75,0.851063829787234,23720.0028144697,1.408450704225352,37.500662363011806,126.86302296938035
구로구,고척2동,3.27,안전,배후 유동인구 부족,91.75,0.39892183288409705,14823.779518939395,1.4095238095238096,37.50433903916148,126.8541853098781
구로구,구로1동,3.03625,안전,상권 경쟁 강도 높음,102.38461538461539,0.17410714285714285,32721.158805454546,1.180327868852459,37.493907799385184,126.87473981066132
구로구,구로2동,4.9825,안전,상권 경쟁 강도 높음,100.4,0.5424063116370809,32721.158805454546,1.3253012048192772,37.49683115926383,126.88187752056723
구로구,구로3동,4.460625,안전,"카페 밀도 매우 높음, 수요 대비 과포화, 유사 업종 경쟁 치열",61.5,2.688,41404.41812128788,1.7364341085271318,37.48428303484645,126.89569753687961
구로구,구로4동,3.0325,안전,"배후 유동인구 부족, 유사 업종 경쟁 치열",144.66666666666666,0.2951945080091533,16484.018371742426,1.6862745098039216,37.490702761840296,126.88899167709124
구로구,구로5동,3.36125,안전,"수요 대비 과포화, 유사 업종 경쟁 치열",90.66666666666667,1.0581818181818181,32320.871564545454,1.552,37.50312151605802,126.88880293014911
구로구,수궁동,1.0,안전,"유사 업종 경쟁 치열, 집객 시설 인프라 부족",53.833333333333336,0.5106382978723404,18475.231706363636,2.382978723404255,37.49450974151878,126.82758442101405
구로구,신도림동,5.35625,주의,상권 경쟁 강도 높음,66.0,0.9402985074626866,30804.242341439392,1.2,37.5080916855976,126.8838667349461
구로구,오류1동,7.11625,위험,유사 업종 경쟁 치열,82.0,0.37349397590361444,18820.253287272728,1.9076923076923078,37.49614858655996,126.84300679566495
구로구,오류2동,5.22,주의,유사 업종 경쟁 치열,76.66666666666667,0.4763948497854077,49693.59785310606,1.922077922077922,37.488830988189676,126.8401101489487
금천구,가산동,4.46375,안전,"카페 밀도 매우 높음, 수요 대비 과포화 심함, 유사 업종 경쟁 치열",79.5,4.024844720496894,59060.45294492424,1.5558223289315727,37.477508477788916,126.88378374192054
금천구,독산1동,4.00875,안전,"카페 밀도 높음, 유사 업종 경쟁 치열, 집객 시설 인프라 부족",50.0,2.0392156862745097,40514.364707727276,1.8571428571428572,37.467307825094345,126.89469786750277
금천구,독산2동,1.56125,안전,"수요 대비 과포화, 배후 유동인구 부족, 유사 업종 경쟁 치열",72.33333333333333,0.5045454545454546,11343.200740378787,2.0555555555555554,37.463964570725025,126.90137056901226
금천구,독산3동,5.02625,주의,배후 유동인구 부족,86.66666666666667,0.4220532319391635,15827.97917939394,1.1935483870967742,37.47577584186709,126.90285035593364
금천구,독산4동,4.015,안전,배후 유동인구 부족,117.5,0.16033755274261605,11597.778185757576,1.0857142857142856,37.46914687063336,126.90163163869946
금천구,시흥1동,2.225,안전,"수요 대비 과포화, 유사 업종 경쟁 치열",95.42857142857143,0.8814814814814814,25190.947706060604,1.7989417989417988,37.45373409823864,126.90182915768547
금천구,시흥2동,4.2825,안전,"배후 유동인구 부족, 유사 업종 경쟁 치열",92.0,0.15053763440860216,14067.503991969697,2.0,37.45044645423369,126.91556652248192
금천구,시흥3동,4.50125,안전,"배후 유동인구 부족, 집객 시설 인프라 부족",35.333333333333336,0.4403669724770642,9567.857112424243,1.2075471698113207,37.440949836844624,126.90354594440096
금천구,시흥4동,2.7425,안전,배후 유동인구 부족,93.0,0.10638297872340426,10008.145724924241,1.0,37.4594498691564,126.90682523561968
금천구,시흥5동,7.04875,위험,배후 유동인구 부족,94.33333333333333,0.27272727272727276,10653.078287424243,1.4444444444444444,37.4507214462716,126.90852981625271
노원구,공릉1동,3.79375,안전,수요 대비 과포화,113.0,1.0789473684210527,38059.97405492424,1.2148148148148148,37.622891877357894,127.0745045510227
노원구,공릉2동,5.8825,주의,"카페 밀도 높음, 집객 시설 인프라 부족",44.333333333333336,2.0735294117647056,46988.88902333333,1.2876712328767124,37.62573467585032,127.08173407167412
노원구,상계10동,6.16125,주의,"배후 유동인구 부족, 유사 업종 경쟁 치열",86.0,0.1724137931034483,12904.931933560607,1.5,37.65855140676638,127.06050785390927
노원구,상계1동,4.50875,안전,유사 업종 경쟁 치열,102.33333333333333,0.6193548387096774,31791.193302272728,1.514792899408284,37.676739008695726,127.05516655468224
노원구,상계2동,4.445,안전,수요 대비 과포화,123.0,0.8306451612903226,27168.758716287877,1.4558303886925794,37.656832618336956,127.06479614921052
노원구,상계5동,5.2525,주의,배후 유동인구 부족,139.5,0.298932384341637,17051.913830681817,1.282442748091603,37.6626446464961,127.07007606008335
노원구,상계8동,6.4975,위험,유사 업종 경쟁 치열,114.75,0.10367170626349892,27168.758716287877,4.0,37.66577040093347,127.05618920455973
노원구,상계9동,4.57625,안전,유사 업종 경쟁 치열,114.75,0.11231101511879049,27168.758716287877,2.4761904761904763,37.66614224106693,127.06102064755096
노원구,월계1동,5.4225,주의,유사 업종 경쟁 치열,83.8,0.6721698113207547,19462.709768787878,1.9322033898305084,37.6200019596072,127.06086437854292
노원구,월계2동,6.485,위험,집객 시설 인프라 부족,44.0,0.5111111111111111,18587.187864545453,1.393939393939394,37.63055372106907,127.05318570744063
노원구,월계3동,3.616875,안전,상권 경쟁 강도 높음,77.16666666666667,0.42217484008528783,18587.187864545453,1.2,37.62392667460095,127.06390151089661
노원구,중계1동,3.32375,안전,"배후 유동인구 부족, 유사 업종 경쟁 치열",82.0,0.4578313253012048,14469.279519924243,3.234042553191489,37.65012341617618,127.0748859195374
노원구,중계4동,4.74875,안전,배후 유동인구 부족,82.0,0.39759036144578314,14469.279519924243,1.4042553191489362,37.65911052442998,127.0746414497368
노원구,중계본동,2.65625,안전,"카페 밀도 높음, 유사 업종 경쟁 치열, 집객 시설 인프라 부족",31.0,1.40625,18903.573927727273,1.6981132075471699,37.64964947132523,127.07920435715504
노원구,하계1동,2.925,안전,"유사 업종 경쟁 치열, 집객 시설 인프라 부족",51.5,0.780952380952381,23422.649069545456,1.490909090909091,37.637440852857615,127.07181399553735
노원구,하계2동,10.7625,위험,집객 시설 인프라 부족,51.5,0.09523809523809523,23422.649069545456,1.4285714285714286,37.635456980558764,127.06519009222488
도봉구,도봉1동,5.05875,주의,배후 유동인구 부족,79.0,0.575,16951.066935833336,1.251700680272109,37.67973812177581,127.04296791732756
도봉구,도봉2동,2.94,안전,상권 경쟁 강도 높음,75.5,0.49673202614379086,18540.508760151515,1.256198347107438,37.67730597343421,127.04713105262745
도봉구,방학1동,6.0,주의,유사 업종 경쟁 치열,79.5,0.7453416149068323,24865.19925121212,1.6783216783216783,37.665770660793314,127.04174115442163
도봉구,방학2동,4.2325,안전,"배후 유동인구 부족, 유사 업종 경쟁 치열",72.33333333333333,0.3954545454545455,10361.435439545456,1.7575757575757576,37.665965026748204,127.03468366861202
도봉구,방학3동,5.18,주의,"배후 유동인구 부족, 집객 시설 인프라 부족",35.0,0.6388888888888888,18016.603094848484,1.1794871794871795,37.66102979462662,127.02811446344555
도봉구,쌍문1동,5.0,주의,"배후 유동인구 부족, 집객 시설 인프라 부족",54.4,0.5956678700361011,15807.312589242425,1.2941176470588236,37.65236052298633,127.01910403352106
도봉구,쌍문2동,5.25,주의,"배후 유동인구 부족, 유사 업종 경쟁 치열",90.5,0.40437158469945356,16650.82936227273,1.510204081632653,37.65689167365747,127.03718409632361
도봉구,쌍문3동,3.9825,안전,"배후 유동인구 부족, 유사 업종 경쟁 치열, 집객 시설 인프라 부족",57.0,0.5517241379310345,16501.920681515152,1.8285714285714285,37.64786767648742,127.03216881902021
도봉구,쌍문4동,3.45125,안전,"배후 유동인구 부족, 집객 시설 인프라 부족",37.0,0.3157894736842105,12858.041417424243,1.170731707317073,37.657035481988075,127.03056162653168
도봉구,창1동,5.11875,주의,유사 업종 경쟁 치열,87.0,0.5227272727272727,18851.43162818182,1.8217821782178218,37.647865914334275,127.03787755474144
도봉구,창2동,4.64,안전,상권 경쟁 강도 높음,107.0,0.3148148148148148,29186.86521174242,1.3877551020408163,37.64321144164534,127.03826221132938
도봉구,창3동,2.6125,안전,배후 유동인구 부족,129.0,0.19230769230769232,10825.24141628788,0.9523809523809523,37.63698401152432,127.03996083694298
도봉구,창4동,1.2475,안전,"수요 대비 과포화, 배후 유동인구 부족, 유사 업종 경쟁 치열",91.16666666666667,0.41229656419529837,10825.24141628788,2.054054054054054,37.65329172418925,127.04970328145329
도봉구,창5동,5.3425,주의,"배후 유동인구 부족, 유사 업종 경쟁 치열",74.66666666666667,0.6211453744493391,17120.6426475,1.7570093457943925,37.65441879285292,127.04370002689221
동대문구,답십리1동,4.75875,안전,상권 경쟁 강도 높음,79.66666666666667,0.6074380165289256,23207.19382969697,1.4306569343065694,37.57087274076495,127.05337835262279
동대문구,답십리2동,3.00625,안전,유사 업종 경쟁 치열,66.0,0.5373134328358209,21148.848571742426,1.8461538461538463,37.569215697999766,127.05947908415332
동대문구,이문1동,4.51875,안전,상권 경쟁 강도 높음,84.33333333333333,0.80859375,34081.62586856061,1.3398058252427185,37.596020287829674,127.06031975450207
동대문구,이문2동,5.40375,주의,유사 업종 경쟁 치열,84.33333333333333,0.2578125,34081.62586856061,1.4915254237288136,37.60264608496679,127.06511272612416
동대문구,장안1동,6.075,주의,상권 경쟁 강도 높음,102.33333333333333,0.8903225806451613,34229.31307272727,1.420849420849421,37.56621962321555,127.06692341692838
동대문구,장안2동,6.245,주의,상권 경쟁 강도 높음,83.25,0.8545994065281899,29284.662870984845,1.4257425742574257,37.574719246388995,127.07144484664602
동대문구,전농1동,5.47875,주의,"카페 밀도 높음, 집객 시설 인프라 부족",52.166666666666664,1.5047021943573669,35571.17563075757,1.3617021276595744,37.57974346100581,127.05051326110744
동대문구,전농2동,9.02625,위험,배후 유동인구 부족,73.0,0.24324324324324326,14508.743829242425,1.0285714285714285,37.5785251141709,127.06010835472404
동대문구,제기동,4.01375,안전,카페 밀도 높음,62.0,1.2380952380952381,30505.301037803034,1.01628664495114,37.58220420491857,127.03808512389367
동대문구,청량리동,2.41875,안전,집객 시설 인프라 부족,45.75,0.9411764705882353,19068.916065757574,1.1972789115646258,37.5841236917968,127.04570739035533
동대문구,회기동,3.55,안전,"카페 밀도 높음, 수요 대비 과포화 심함, 배후 유동인구 부족",78.0,1.1518987341772151,17845.325737348485,1.1063829787234043,37.59183868371975,127.05279051891854
동대문구,휘경1동,7.315,위험,집객 시설 인프라 부족,55.333333333333336,0.5857988165680473,18902.888773863637,1.346938775510204,37.59110118096981,127.06007922599174
동대문구,휘경2동,5.721875,주의,상권 경쟁 강도 높음,117.0,0.3559322033898305,18299.735952651514,1.0838709677419356,37.58756304532918,127.06241498032925
동작구,노량진1동,5.455,주의,상권 경쟁 강도 높음,82.5,0.8982035928143712,34501.99606257575,1.1952191235059761,37.51191064278363,126.94555869262885
동작구,노량진2동,4.4675,안전,배후 유동인구 부족,105.5,0.26291079812206575,14542.534177045454,1.2584269662921348,37.51282245111676,126.93816520041544
동작구,대방동,5.71,주의,상권 경쟁 강도 높음,64.0,0.8769230769230769,40085.23774878788,1.2737430167597765,37.504289174853426,126.92643023285466
동작구,사당1동,3.7675,안전,수요 대비 과포화,101.75,0.7007299270072993,20995.142953712122,1.1612903225806452,37.47996722278748,126.97922721996024
동작구,사당2동,4.32,안전,유사 업종 경쟁 치열,102.0,0.5242718446601942,33132.80421015152,1.7704918032786885,37.48854526027773,126.98043285898522
동작구,사당3동,5.82375,주의,배후 유동인구 부족,98.0,0.29292929292929293,16635.660285,1.0545454545454545,37.48574953662691,126.97371793257125
동작구,사당4동,5.4025,주의,"배후 유동인구 부족, 유사 업종 경쟁 치열",136.0,0.1678832116788321,13514.31094219697,1.4603174603174602,37.4824053191148,126.97250123682115
동작구,사당5동,3.815,안전,"배후 유동인구 부족, 집객 시설 인프라 부족",39.0,0.475,10877.409563787878,1.1176470588235294,37.486247702889585,126.96735042435479
동작구,상도1동,3.75125,안전,유사 업종 경쟁 치열,88.2,1.0650224215246638,43667.779857878784,1.4671814671814671,37.49917795250292,126.95241556384612
동작구,상도2동,3.176875,안전,유사 업종 경쟁 치열,117.0,0.4745762711864407,19663.627357348483,1.792,37.504418010621855,126.94170045246679
동작구,상도3동,4.8325,안전,"배후 유동인구 부족, 유사 업종 경쟁 치열",172.0,0.2658959537572254,16707.878089848484,1.6576576576576576,37.49917543614945,126.93200159086672
동작구,상도4동,1.8975,안전,상권 경쟁 강도 높음,77.33333333333333,0.4212765957446809,20368.41558121212,1.233644859813084,37.49931449931366,126.9388288056437
동작구,신대방1동,2.77875,안전,상권 경쟁 강도 높음,100.0,0.3465346534653465,20550.82849219697,1.4,37.48945958476262,126.90956222407148
동작구,신대방2동,2.67125,안전,유사 업종 경쟁 치열,109.5,0.6153846153846154,23538.374989469696,1.4945054945054945,37.49551118513087,126.92434997208842
동작구,흑석동,1.00125,안전,상권 경쟁 강도 높음,70.75,1.0313588850174216,32069.71648530303,1.339366515837104,37.50701238802734,126.96215567397033
마포구,공덕동,4.24875,안전,상권 경쟁 강도 높음,73.0,1.0810810810810811,33754.100118106064,1.1808118081180812,37.54793593413091,126.95637347040054
마포구,대흥동,4.1975,안전,"카페 밀도 높음, 수요 대비 과포화",78.2,1.1237373737373737,23623.544000227274,1.1827242524916943,37.552200233640484,126.94111327415443
마포구,도화동,3.3775,안전,"카페 밀도 높음, 수요 대비 과포화, 배후 유동인구 부족, 유사 업종 경쟁 치열, 집객 시설 인프라 부족",48.0,1.2653061224489797,16104.979438939394,1.55,37.54013451281697,126.94912049935228
마포구,망원1동,5.265,주의,"카페 밀도 높음, 수요 대비 과포화 심함",100.0,1.693069306930693,19964.187937954546,1.1854419410745234,37.55514137973808,126.90592926158469
마포구,망원2동,4.89625,안전,"수요 대비 과포화, 배후 유동인구 부족",73.0,0.9054054054054054,15004.44709310606,0.9710144927536232,37.55934775546289,126.90342591552124
마포구,서강동,6.42875,위험,"카페 밀도 높음, 수요 대비 과포화, 집객 시설 인프라 부족",49.6,2.2134387351778657,26807.988014621213,1.0298850574712644,37.54896299140231,126.92575463471017
마포구,서교동,4.74,안전,"카페 밀도 매우 높음, 수요 대비 과포화 심함",91.83333333333333,6.538599640933573,71418.08605931817,0.9589257503949447,37.55459567914998,126.92195747846421
마포구,성산1동,4.244375,안전,"카페 밀도 높음, 수요 대비 과포화",67.75,1.12,20226.973652727273,1.1578947368421053,37.56138433447681,126.91227230556419
마포구,성산2동,3.99,안전,"카페 밀도 높음, 집객 시설 인프라 부족",48.75,1.2261306532663316,32198.372512803027,1.318918918918919,37.567367628928594,126.90454135928485
마포구,신수동,4.8875,안전,"수요 대비 과포화, 배후 유동인구 부족",95.33333333333333,0.6228373702422145,15698.382564318183,1.2972972972972974,37.546968935148975,126.93595584500531
마포구,아현동,4.28125,안전,"카페 밀도 높음, 유사 업종 경쟁 치열",62.666666666666664,1.1151832460732984,28763.830521969696,1.775,37.5508156929508,126.95297386222416
마포구,연남동,3.9625,안전,"카페 밀도 매우 높음, 수요 대비 과포화 심함, 배후 유동인구 부족, 집객 시설 인프라 부족",51.0,5.6923076923076925,16977.911280606062,0.9932885906040269,37.56270552435993,126.92285902747254
마포구,염리동,5.4725,주의,"수요 대비 과포화, 배후 유동인구 부족, 유사 업종 경쟁 치열",71.0,0.7916666666666666,17858.573325378788,1.4615384615384615,37.5498114874864,126.94660650783267
마포구,용강동,3.4525,안전,"카페 밀도 높음, 수요 대비 과포화",64.0,1.123076923076923,23626.708506363637,1.4174757281553398,37.54218698504153,126.94454913246686
마포구,합정동,3.52875,안전,"카페 밀도 매우 높음, 수요 대비 과포화 심함, 집객 시설 인프라 부족",50.75,3.033816425120773,18402.82187219697,1.0790378006872852,37.54878131449291,126.9130018933649
서대문구,남가좌1동,8.54375,위험,"배후 유동인구 부족, 유사 업종 경쟁 치열",80.0,0.25925925925925924,10151.33641719697,2.8,37.57095370485079,126.91589152860509
서대문구,남가좌2동,2.09,안전,"카페 밀도 높음, 수요 대비 과포화",74.33333333333333,1.088495575221239,22478.468482121214,1.4513274336283186,37.57791195713405,126.92248240743154
서대문구,북가좌1동,11.48375,위험,"배후 유동인구 부족, 유사 업종 경쟁 치열, 집객 시설 인프라 부족",26.5,0.4,13952.220894772727,3.142857142857143,37.57468444887903,126.90856169512769
서대문구,북가좌2동,4.7675,안전,상권 경쟁 강도 높음,100.75,0.4226044226044226,25896.938907045453,1.34375,37.58081503129232,126.91302861415825
서대문구,북아현동,7.595,위험,유사 업종 경쟁 치열,86.0,0.3103448275862069,56989.45319636364,1.8305084745762712,37.558447184172536,126.95518590649571
서대문구,신촌동,3.9825,안전,"카페 밀도 매우 높음, 수요 대비 과포화",61.0,3.7903225806451615,55763.171075606064,1.1604938271604939,37.558519064857094,126.93836729354332
서대문구,연희동,3.75,안전,"카페 밀도 매우 높음, 수요 대비 과포화, 집객 시설 인프라 부족",51.9,3.232514177693762,37488.91363227273,1.103225806451613,37.569604107010036,126.93065408122318
서대문구,천연동,4.4925,안전,배후 유동인구 부족,109.5,0.2171945701357466,14017.818757954545,1.0666666666666667,37.56917425995571,126.96182084844013
서대문구,충현동,5.25625,주의,상권 경쟁 강도 높음,83.25,0.9970326409495549,35635.421841060604,1.0532915360501567,37.56317910831895,126.96240881077532
서대문구,홍은1동,5.66625,주의,배후 유동인구 부족,77.0,0.3333333333333333,15179.464807727272,1.0947368421052632,37.596999860645404,126.94636371810162
서대문구,홍은2동,3.77875,안전,집객 시설 인프라 부족,54.25,0.7058823529411765,20994.670760909088,1.2093023255813953,37.58339790897422,126.93028390294033
서대문구,홍제1동,3.72875,안전,유사 업종 경쟁 치열,76.5,0.567741935483871,21966.029813257577,1.6761904761904762,37.586582313692695,126.94374264764761
서대문구,홍제2동,8.1525,위험,유사 업종 경쟁 치열,95.42857142857143,0.1348148148148148,21966.029813257577,1.5294117647058822,37.58620556392631,126.94814270823807
서대문구,홍제3동,8.225,위험,배후 유동인구 부족,120.66666666666667,0.27123287671232876,14309.004191818181,1.2692307692307692,37.59209974650225,126.94595513806134
서초구,내곡동,3.0125,안전,"카페 밀도 높음, 집객 시설 인프라 부족",15.25,1.7846153846153847,21696.896980454545,0.9133858267716536,37.45323953385973,127.06027732287065
서초구,반포1동,3.83875,안전,"카페 밀도 높음, 집객 시설 인프라 부족",35.0,2.3055555555555554,44043.33701606061,1.189964157706093,37.506329383009806,127.01947164355349
서초구,반포2동,5.055,주의,집객 시설 인프라 부족,35.0,0.5,44043.33701606061,1.0285714285714285,37.50507816331748,126.99787760263635
서초구,반포3동,4.1375,안전,"유사 업종 경쟁 치열, 집객 시설 인프라 부족",35.0,0.7222222222222222,44043.33701606061,2.6666666666666665,37.50736643231028,127.00521935020774
서초구,반포4동,2.304375,안전,"카페 밀도 매우 높음, 유사 업종 경쟁 치열, 집객 시설 인프라 부족",35.0,3.4166666666666665,44043.33701606061,1.828996282527881,37.5022373453288,127.00400629821773
서초구,반포본동,4.8475,안전,"배후 유동인구 부족, 집객 시설 인프라 부족",25.0,0.3076923076923077,5305.174303787879,0.7619047619047619,37.50217069764537,126.98740145422431
서초구,방배1동,4.2575,안전,수요 대비 과포화,82.0,0.7228915662650602,19612.93093901515,1.1483253588516746,37.48440821375028,126.99527090743328
서초구,방배2동,3.103125,안전,"카페 밀도 높음, 수요 대비 과포화, 배후 유동인구 부족, 집객 시설 인프라 부족",47.333333333333336,1.6137931034482758,17206.666214242425,1.1818181818181819,37.479428482702694,126.98437437296973
서초구,방배3동,3.2775,안전,집객 시설 인프라 부족,58.0,0.5423728813559322,22434.70312537879,1.0578512396694215,37.47833070750094,126.99680983213933
서초구,방배4동,3.0025,안전,카페 밀도 높음,72.0,1.1506849315068493,28549.821947575754,1.2262773722627738,37.48896688082807,126.98929276889376
서초구,방배본동,3.52875,안전,"카페 밀도 높음, 수요 대비 과포화, 배후 유동인구 부족, 집객 시설 인프라 부족",52.666666666666664,1.1180124223602486,17639.513110984848,1.1267605633802817,37.494414517715946,126.98667758074885
서초구,서초1동,3.03,안전,"카페 밀도 높음, 수요 대비 과포화, 집객 시설 인프라 부족",54.75,2.0448430493273544,31024.411642575757,1.2127659574468086,37.489107912668295,127.01773677413914
서초구,서초2동,2.97625,안전,"카페 밀도 매우 높음, 수요 대비 과포화, 집객 시설 인프라 부족",35.0,3.9722222222222223,46677.696790757574,1.4408060453400504,37.49129910989529,127.02877739475976
서초구,서초3동,3.06125,안전,"카페 밀도 매우 높음, 수요 대비 과포화",61.0,3.661290322580645,64170.45613833333,1.3333333333333333,37.48942366307753,127.01128609143869
서초구,서초4동,2.37125,안전,"카페 밀도 높음, 수요 대비 과포화, 유사 업종 경쟁 치열, 집객 시설 인프라 부족",54.625,1.6898876404494383,31024.411642575757,1.6419213973799127,37.49842494585881,127.02008701627425
서초구,양재1동,4.0,안전,"카페 밀도 매우 높음, 집객 시설 인프라 부족",48.0,2.7755102040816326,57053.757080757576,1.098989898989899,37.47715642737092,127.0346948754728
서초구,양재2동,3.7525,안전,"카페 밀도 매우 높음, 수요 대비 과포화, 집객 시설 인프라 부족",29.666666666666668,5.021739130434782,37832.95668045455,1.1666666666666667,37.47037989711656,127.04252356732438
서초구,잠원동,3.8925,안전,"카페 밀도 높음, 집객 시설 인프라 부족",38.0,1.6666666666666667,37967.11478166666,1.2206572769953052,37.514178919849655,127.01715003669129
성동구,금호1가동,4.5975,안전,배후 유동인구 부족,65.33333333333333,0.2864321608040201,12463.715061666668,1.2881355932203389,37.55296185092515,127.02452035517197
성동구,금호4가동,2.58125,안전,배후 유동인구 부족,69.5,0.2978723404255319,10898.479588560605,1.2923076923076924,37.54735224773446,127.02106755906303
성동구,마장동,2.79875,안전,집객 시설 인프라 부족,55.2,0.4270462633451957,19011.254571439393,1.0212765957446808,37.567546649562736,127.0402954446714
성동구,사근동,3.58375,안전,"카페 밀도 높음, 집객 시설 인프라 부족",42.5,1.6551724137931034,24278.254451287878,1.205020920502092,37.559137163310254,127.04252507901792
성동구,성수1가1동,6.14125,주의,"수요 대비 과포화, 배후 유동인구 부족",71.0,0.875,17017.64334212121,1.05,37.541787132505306,127.04756056937747
성동구,성수1가2동,5.346875,주의,"카페 밀도 매우 높음, 수요 대비 과포화 심함, 집객 시설 인프라 부족",27.333333333333332,6.035294117647059,21971.268811742426,0.9035667107001321,37.54804478862936,127.04693545627502
성동구,성수2가1동,2.77875,안전,"수요 대비 과포화 심함, 배후 유동인구 부족",98.33333333333333,0.976510067114094,18160.041574772727,0.9847715736040609,37.539271810506406,127.05581514160151
성동구,성수2가3동,2.97375,안전,"카페 밀도 높음, 수요 대비 과포화",79.0,2.025,39928.23398575757,0.9585798816568047,37.5452805315438,127.0575706641823
성동구,송정동,4.155,안전,배후 유동인구 부족,85.0,0.29069767441860467,9496.202391590909,1.0204081632653061,37.55087121412003,127.06641527863485
성동구,옥수동,6.85875,위험,"유사 업종 경쟁 치열, 집객 시설 인프라 부족",49.0,0.74,26690.909487424244,1.783132530120482,37.54262489717769,127.01466484726924
성동구,왕십리2동,6.805,위험,"배후 유동인구 부족, 유사 업종 경쟁 치열",95.0,0.28125,15116.952726212121,1.4794520547945205,37.562428768203524,127.02996467468816
성동구,왕십리도선동,4.58,안전,유사 업종 경쟁 치열,84.0,0.8941176470588236,28736.659925303033,1.6084656084656084,37.56520875754735,127.03111769294127
성동구,용답동,5.78875,주의,배후 유동인구 부족,67.0,0.4411764705882353,17025.236135757576,1.0526315789473684,37.56249496381837,127.0583846131062
성동구,응봉동,7.43125,위험,"배후 유동인구 부족, 집객 시설 인프라 부족",34.5,0.22535211267605634,10407.640470984848,1.28,37.551567963610225,127.0326699737814
성동구,행당1동,2.7075,안전,유사 업종 경쟁 치열,85.5,0.6820809248554913,34194.00801977272,1.903225806451613,37.560144336656705,127.03571333834925
성동구,행당2동,3.5075,안전,유사 업종 경쟁 치열,85.5,0.20809248554913296,34194.00801977272,1.6,37.55711868760637,127.02962331147572
성북구,길음1동,3.905,안전,유사 업종 경쟁 치열,83.0,0.4880952380952381,36303.36951469697,2.9285714285714284,37.60562394741017,127.02201587073796
성북구,길음2동,4.3375,안전,상권 경쟁 강도 높음,124.0,0.36,18462.725313030303,1.2765957446808511,37.60839917384602,127.0276000716355
성북구,동선동,4.1975,안전,"카페 밀도 높음, 수요 대비 과포화 심함",123.33333333333333,1.2466487935656836,23777.10591469697,1.29979035639413,37.59289069357441,127.01776741624089
성북구,보문동,1.925,안전,"수요 대비 과포화, 배후 유동인구 부족, 집객 시설 인프라 부족",57.0,0.7413793103448276,13856.523242727271,1.3333333333333333,37.58310557017416,127.0200511830531
성북구,삼선동,4.75125,안전,수요 대비 과포화,131.0,0.6136363636363636,26931.529515606064,1.0553745928338762,37.58887390044976,127.01225075605859
성북구,석관동,4.5,안전,상권 경쟁 강도 높음,72.83333333333333,0.6636568848758465,26913.653913030306,1.3154362416107384,37.609819266555924,127.06126747476323
성북구,성북동,4.73375,안전,"카페 밀도 높음, 수요 대비 과포화 심함",70.33333333333333,1.2196261682242993,19010.093092651514,1.0419161676646707,37.59179728677388,127.00355631063739
성북구,안암동,4.0,안전,"카페 밀도 높음, 수요 대비 과포화 심함",98.0,1.2727272727272727,26578.42343810606,1.3922651933701657,37.5858487383838,127.02776093164618
성북구,월곡1동,3.53375,안전,유사 업종 경쟁 치열,104.0,0.3619047619047619,26819.01249060606,1.6170212765957446,37.60748234631432,127.03511954334382
성북구,월곡2동,3.1175,안전,유사 업종 경쟁 치열,66.66666666666667,0.8719211822660098,22947.760336363637,1.5225806451612902,37.604482191953785,127.04312730639553
성북구,장위1동,4.415,안전,상권 경쟁 강도 높음,70.66666666666667,0.33488372093023255,19811.20696121212,1.411764705882353,37.615752698504075,127.04546154537478
성북구,장위2동,9.55625,위험,배후 유동인구 부족,62.5,0.2992125984251969,14573.410849242424,1.2063492063492063,37.612483981571856,127.0522533090078
성북구,장위3동,5.6275,주의,유사 업종 경쟁 치열,66.0,0.1791044776119403,19811.20696121212,2.6666666666666665,37.61904967225592,127.05167591203978
성북구,정릉1동,4.69625,안전,배후 유동인구 부족,86.0,0.26436781609195403,12806.040818333333,1.4375,37.6031501030841,127.01694100100299
성북구,정릉2동,1.81,안전,"배후 유동인구 부족, 유사 업종 경쟁 치열",101.0,0.37254901960784315,17940.262856969697,1.7078651685393258,37.60529909906626,127.01167369116257
성북구,정릉3동,3.54375,안전,배후 유동인구 부족,80.0,0.3950617283950617,15588.284825530303,1.2549019607843137,37.608927529701454,127.00394141892808
성북구,정릉4동,5.04625,주의,배후 유동인구 부족,74.33333333333333,0.3849557522123894,16337.588811742424,1.2340425531914894,37.61371479505494,127.00797250244291
성북구,종암동,5.0075,주의,상권 경쟁 강도 높음,74.83333333333333,0.8043956043956044,38207.49757,1.3555555555555556,37.59862532994706,127.03439016857747
송파구,가락1동,4.535,안전,"유사 업종 경쟁 치열, 집객 시설 인프라 부족",41.666666666666664,0.7734375,22543.57603,1.8333333333333333,37.49606345953281,127.10601494595713
송파구,가락2동,6.0725,주의,"카페 밀도 높음, 집객 시설 인프라 부족",41.666666666666664,1.4765625,22543.57603,1.3922651933701657,37.4955205311449,127.1309281138662
송파구,가락본동,6.02375,주의,"카페 밀도 높음, 유사 업종 경쟁 치열",61.5,1.488,41126.10507098485,1.603448275862069,37.496597128352995,127.12150611664242
송파구,거여1동,5.05375,주의,"배후 유동인구 부족, 유사 업종 경쟁 치열",68.0,0.3188405797101449,13210.505258939393,1.4915254237288136,37.495753960046706,127.14366151349464
송파구,거여2동,5.255,주의,"배후 유동인구 부족, 유사 업종 경쟁 치열",68.0,0.34782608695652173,13210.505258939393,2.4615384615384617,37.49240414127261,127.14615642145759
송파구,마천1동,7.195,위험,"배후 유동인구 부족, 유사 업종 경쟁 치열",92.5,0.13903743315508021,11715.055160151514,1.625,37.495128169334755,127.1533481825452
송파구,마천2동,7.93375,위험,배후 유동인구 부족,70.0,0.4084507042253521,12507.620922878788,1.45,37.49869438858589,127.14936315579999
송파구,문정1동,3.6175,안전,상권 경쟁 강도 높음,70.0,0.6901408450704225,21631.897988333334,1.1666666666666667,37.48757317937491,127.12524356330297
송파구,문정2동,4.515,안전,"카페 밀도 매우 높음, 수요 대비 과포화 심함",70.0,3.2253521126760565,21631.897988333334,1.3857791225416036,37.48332648694333,127.12080715234602
송파구,방이1동,4.926875,안전,"수요 대비 과포화, 배후 유동인구 부족",77.0,0.6794871794871795,16887.20941719697,0.9592760180995475,37.50989551290709,127.12282571622826
송파구,방이2동,3.57875,안전,"카페 밀도 높음, 유사 업종 경쟁 치열",74.33333333333333,1.2212389380530975,37520.98975212121,1.546218487394958,37.51376618741645,127.11209845291164
송파구,삼전동,3.84875,안전,유사 업종 경쟁 치열,95.0,0.7916666666666666,27638.135806136364,1.4685990338164252,37.50399850510614,127.09252318391367
송파구,석촌동,6.0075,주의,"카페 밀도 높음, 수요 대비 과포화",81.75,1.3897280966767371,26529.869858863633,1.329479768786127,37.50281591496875,127.10358934810718
송파구,송파1동,4.17625,안전,수요 대비 과포화 심함,163.0,0.8780487804878049,25273.277525454545,0.9616026711185309,37.50728665279103,127.10991607607235
송파구,송파2동,4.416875,안전,상권 경쟁 강도 높음,72.0,0.589041095890411,19113.35171780303,1.4576271186440677,37.503079793896234,127.1152091037999
송파구,오금동,2.75,안전,"카페 밀도 높음, 집객 시설 인프라 부족",39.375,2.4520123839009287,36815.40462992425,1.2298136645962734,37.50526566477841,127.13304066839704
송파구,위례동,4.1625,안전,"카페 밀도 높음, 유사 업종 경쟁 치열, 집객 시설 인프라 부족",41.0,1.2619047619047619,48210.51445598485,1.8596491228070176,37.48080313807773,127.14239004636427
송파구,잠실2동,3.5925,안전,집객 시설 인프라 부족,40.0,0.975609756097561,25967.808237651516,1.4285714285714286,37.51287789548732,127.08458522134639
송파구,잠실3동,3.01125,안전,"카페 밀도 높음, 유사 업종 경쟁 치열, 집객 시설 인프라 부족",40.0,1.1951219512195121,25967.808237651516,1.5555555555555556,37.51104380671527,127.09543153730935
송파구,잠실4동,2.75375,안전,"유사 업종 경쟁 치열, 집객 시설 인프라 부족",40.0,0.34146341463414637,25967.808237651516,1.6470588235294117,37.521053967416044,127.10619646574543
송파구,잠실6동,3.55125,안전,"카페 밀도 높음, 수요 대비 과포화, 집객 시설 인프라 부족",40.0,2.4146341463414633,25967.808237651516,1.203647416413374,37.51569313708492,127.10198224069805
송파구,잠실7동,3.895,안전,집객 시설 인프라 부족,40.0,0.12195121951219512,25967.808237651516,0.9090909090909091,37.508270112348015,127.0749918975878
송파구,잠실본동,4.66125,안전,"수요 대비 과포화, 유사 업종 경쟁 치열",114.5,0.9696969696969697,33753.42077530303,1.7364341085271318,37.508507935562896,127.08329356060473
송파구,장지동,4.00875,안전,집객 시설 인프라 부족,52.333333333333336,0.9375,30528.68018090909,1.1299435028248588,37.48343129726947,127.12926896220897
송파구,풍납1동,5.44875,주의,"배후 유동인구 부족, 집객 시설 인프라 부족",19.0,0.8,13265.58964689394,1.3061224489795917,37.53662813876218,127.1200166937804
송파구,풍납2동,2.5225,안전,"카페 밀도 높음, 배후 유동인구 부족, 집객 시설 인프라 부족",19.0,1.6,13265.58964689394,1.103448275862069,37.529773962537774,127.11583157867074
양천구,목1동,4.17375,안전,"카페 밀도 높음, 유사 업종 경쟁 치열, 집객 시설 인프라 부족",52.0,2.169811320754717,39609.62534636364,1.7424242424242424,37.52640246997526,126.87339564602216
양천구,목2동,3.38375,안전,집객 시설 인프라 부족,49.0,0.98,20061.025992954546,1.4411764705882353,37.54427735022289,126.87254025459161
양천구,목3동,3.78,안전,"수요 대비 과포화, 유사 업종 경쟁 치열",83.0,0.7023809523809523,18811.280024924243,1.858267716535433,37.54667637260364,126.86525671665775
양천구,목4동,6.4925,위험,배후 유동인구 부족,85.33333333333333,0.555984555984556,17786.10584068182,1.4222222222222223,37.53537187515942,126.86659619089426
양천구,목5동,4.514375,안전,"배후 유동인구 부족, 유사 업종 경쟁 치열",65.22222222222223,0.6946308724832214,17786.10584068182,2.2439024390243905,37.536292858375354,126.87937089726277
양천구,신월1동,6.16375,주의,배후 유동인구 부족,83.0,0.38095238095238093,14223.673992424243,1.4222222222222223,37.53202461349228,126.83489327368399
양천구,신월2동,2.0625,안전,배후 유동인구 부족,77.5,0.267515923566879,12502.932033484849,1.12,37.523163727303015,126.84536916664881
양천구,신월3동,5.15375,주의,"배후 유동인구 부족, 유사 업종 경쟁 치열",59.0,0.4166666666666667,12333.384568333333,1.7241379310344827,37.53394942615041,126.82756674103959
양천구,신월4동,1.78375,안전,배후 유동인구 부족,92.5,0.1925133689839572,11287.59512939394,0.9230769230769231,37.52140782550444,126.8411401198127
양천구,신월5동,7.115,위험,배후 유동인구 부족,58.5,0.3865546218487395,11046.244291363637,1.1948051948051948,37.53917341236669,126.83032417018498
양천구,신월6동,10.5675,위험,"수요 대비 과포화 심함, 배후 유동인구 부족",59.0,0.3333333333333333,3536.9490651515152,1.3559322033898304,37.51714033729628,126.84165644935275
양천구,신월7동,11.5275,위험,"배후 유동인구 부족, 유사 업종 경쟁 치열",67.0,0.23529411764705882,14361.291829924243,1.641025641025641,37.52103331423965,126.83423238325153
양천구,신정1동,3.448125,안전,"수요 대비 과포화, 배후 유동인구 부족, 유사 업종 경쟁 치열",68.0,0.6956521739130435,16006.305813181818,1.536,37.52015056849125,126.8581088963342
양천구,신정2동,2.62125,안전,"수요 대비 과포화, 배후 유동인구 부족, 유사 업종 경쟁 치열",83.0,0.5595238095238095,13901.977029848485,1.46875,37.519671231620926,126.87361265136458
양천구,신정3동,6.0925,주의,"유사 업종 경쟁 치열, 집객 시설 인프라 부족",47.666666666666664,0.8835616438356165,38719.26768810606,1.4956521739130435,37.51558754590982,126.84679998989347
양천구,신정4동,6.02875,주의,카페 밀도 높음,78.75,1.141065830721003,33477.49680795454,1.3093525179856116,37.52476451034932,126.85954460381983
양천구,신정6동,6.695,위험,유사 업종 경쟁 치열,64.58333333333333,0.39644218551461247,19653.997125151516,1.793103448275862,37.51861207085621,126.86768326168007
양천구,신정7동,3.2575,안전,"카페 밀도 매우 높음, 유사 업종 경쟁 치열, 집객 시설 인프라 부족",15.0,2.5625,19653.997125151516,1.9523809523809523,37.51202508525529,126.86354193369233
영등포구,당산1동,3.32625,안전,"카페 밀도 높음, 수요 대비 과포화 심함",61.333333333333336,2.1176470588235294,24216.989235378787,1.2846715328467153,37.52456034339935,126.89637184061117
영등포구,당산2동,3.03875,안전,"카페 밀도 높음, 유사 업종 경쟁 치열",59.666666666666664,1.7472527472527473,45568.46533984848,1.5306859205776173,37.531866389496386,126.90134262625361
영등포구,대림1동,5.00125,주의,"배후 유동인구 부족, 유사 업종 경쟁 치열",59.0,0.45,14548.704420378786,1.6119402985074627,37.493940656638145,126.90496058540405
영등포구,대림2동,4.78625,안전,"배후 유동인구 부족, 유사 업종 경쟁 치열",83.0,0.35714285714285715,15959.410565984848,1.4814814814814814,37.49063426843946,126.90023885032937
영등포구,대림3동,6.9175,위험,상권 경쟁 강도 높음,82.66666666666667,0.4780876494023904,22364.308771515152,1.118881118881119,37.497544405271626,126.89777900945037
영등포구,도림동,4.47125,안전,배후 유동인구 부족,64.5,0.5190839694656488,14623.65144378788,1.3465346534653466,37.50899005715252,126.90087397412032
영등포구,문래동,3.01625,안전,"카페 밀도 매우 높음, 수요 대비 과포화, 집객 시설 인프라 부족",55.0,2.517857142857143,35141.0049075,1.1604938271604939,37.516493503212786,126.8921771484028
영등포구,신길1동,2.87625,안전,"배후 유동인구 부족, 유사 업종 경쟁 치열",88.75,0.34540389972144847,17837.581442272727,1.4588235294117646,37.51212197822682,126.91923694831151
영등포구,신길3동,10.015,위험,"배후 유동인구 부족, 유사 업종 경쟁 치열",88.5,0.24581005586592178,13254.407875984847,1.5714285714285714,37.50646488875916,126.90677342960869
영등포구,신길4동,8.5675,위험,"배후 유동인구 부족, 집객 시설 인프라 부족",51.5,0.20952380952380953,6768.492371060606,1.0,37.50743885502822,126.91238153274645
영등포구,신길5동,7.12875,위험,배후 유동인구 부족,70.33333333333333,0.22429906542056077,9595.692718333334,1.3061224489795917,37.500627745453166,126.90594780346805
영등포구,신길6동,2.75,안전,유사 업종 경쟁 치열,75.16666666666667,0.6301969365426695,19895.399165454546,1.5,37.4992433167868,126.91449057636682
영등포구,신길7동,3.78125,안전,"배후 유동인구 부족, 유사 업종 경쟁 치열",103.5,0.22966507177033493,17902.135065151513,1.9591836734693877,37.50595563204944,126.9205251785587
영등포구,양평1동,3.51375,안전,"카페 밀도 높음, 수요 대비 과포화, 집객 시설 인프라 부족",42.5,1.7011494252873562,18805.904838409093,1.3273542600896862,37.524444810625425,126.88779387015008
영등포구,양평2동,4.5025,안전,수요 대비 과포화,84.0,1.0588235294117647,24282.29699060606,1.3333333333333333,37.537308014149986,126.89436613337132
영등포구,영등포동,3.75,안전,"카페 밀도 매우 높음, 유사 업종 경쟁 치열, 집객 시설 인프라 부족",51.857142857142854,2.9702702702702704,55426.19082045455,1.8525073746312684,37.52055704388947,126.90616696065184
영등포구,영등포본동,3.98375,안전,"유사 업종 경쟁 치열, 집객 시설 인프라 부족",42.25,0.9942196531791907,19027.610570606063,1.4827586206896552,37.51403199265975,126.90941893273943
용산구,남영동,2.44,안전,"수요 대비 과포화 심함, 배후 유동인구 부족, 유사 업종 경쟁 치열",105.5,0.9765258215962441,16750.424500530302,1.469964664310954,37.54714224756762,126.97293461339943
용산구,보광동,8.515,위험,"수요 대비 과포화, 배후 유동인구 부족, 유사 업종 경쟁 치열",63.666666666666664,0.3247422680412372,6556.934490681818,1.7872340425531914,37.52819752038894,126.9993625075333
용산구,서빙고동,1.3375,안전,"배후 유동인구 부족, 집객 시설 인프라 부족",32.333333333333336,0.5399999999999999,14488.14124181818,0.7659574468085106,37.52312380740885,126.99292819036967
용산구,용문동,2.9175,안전,"수요 대비 과포화, 배후 유동인구 부족",105.5,0.22535211267605634,7863.485556212121,1.4545454545454546,37.537626147193144,126.95959584785501
용산구,용산2가동,4.2375,안전,"카페 밀도 높음, 수요 대비 과포화 심함, 배후 유동인구 부족",61.0,1.1935483870967742,11709.118769545456,0.9932885906040269,37.54438624021713,126.9854329089308
용산구,원효로1동,3.78875,안전,수요 대비 과포화,68.66666666666667,0.9186602870813396,19079.426112954545,1.158371040723982,37.537708034020696,126.96573269076328
용산구,원효로2동,7.30875,위험,"배후 유동인구 부족, 유사 업종 경쟁 치열",80.0,0.25925925925925924,14004.575772878787,1.5555555555555556,37.53412723915739,126.95448866050998
용산구,이촌1동,0.7225,안전,"유사 업종 경쟁 치열, 집객 시설 인프라 부족",38.0,0.5897435897435898,24975.075874242422,2.0444444444444443,37.51977646792645,126.97411594834875
용산구,이촌2동,5.84625,주의,"배후 유동인구 부족, 집객 시설 인프라 부족",17.0,0.3333333333333333,7247.91394780303,0.7272727272727273,37.525633486753755,126.95601795974103
용산구,이태원1동,3.48375,안전,"수요 대비 과포화 심함, 배후 유동인구 부족",71.0,1.0138888888888888,11420.905245530303,1.275109170305677,37.533624312572556,126.99286877335419
용산구,이태원2동,2.07375,안전,"수요 대비 과포화 심함, 배후 유동인구 부족",70.0,0.8028169014084507,11079.01596469697,0.95,37.539258317605345,126.99039189742518
용산구,청파동,3.58625,안전,수요 대비 과포화 심함,113.66666666666667,0.9069767441860465,22127.47715757576,1.3040752351097178,37.54778390623807,126.96759835559772
용산구,한강로동,3.04,안전,"카페 밀도 매우 높음, 수요 대비 과포화 심함, 집객 시설 인프라 부족",39.75,6.355828220858895,52719.295664545454,1.0939809926082364,37.53011371455213,126.96704056556248
용산구,한남동,3.0,안전,"카페 밀도 높음, 수요 대비 과포화 심함, 집객 시설 인프라 부족",50.0,2.5098039215686274,27624.20207969697,0.9411764705882353,37.535228886995284,127.00421986846149
용산구,효창동,1.465,안전,배후 유동인구 부족,85.0,0.3023255813953488,9961.043521212121,1.1818181818181819,37.54130954811402,126.96133290358175
용산구,후암동,2.80125,안전,"수요 대비 과포화 심함, 배후 유동인구 부족",75.0,0.8026315789473685,12334.896074242424,1.012448132780083,37.54912938815342,126.978541899681
은평구,갈현1동,2.0475,안전,"수요 대비 과포화, 배후 유동인구 부족, 유사 업종 경쟁 치열",99.0,0.59,17173.851492651516,1.6164383561643836,37.62193740871412,126.91817933281607
은평구,갈현2동,5.44875,주의,상권 경쟁 강도 높음,97.75,0.4860759493670886,21897.170378712122,1.0212765957446808,37.616658039715574,126.91550480936735
은평구,구산동,4.47375,안전,상권 경쟁 강도 높음,76.25,0.41423948220064727,25138.834742651517,1.1743119266055047,37.61122920532655,126.91178700005969
은평구,녹번동,4.75,안전,상권 경쟁 강도 높음,87.8,0.7207207207207208,29874.227786515152,1.248780487804878,37.60461551842367,126.92974286549533
은평구,대조동,3.52875,안전,유사 업종 경쟁 치열,122.25,0.7870182555780934,54645.19578674243,1.7880184331797235,37.61222124930538,126.9244504122109
은평구,불광1동,4.66125,안전,유사 업종 경쟁 치열,128.0,0.35658914728682173,24287.729285454545,1.5206611570247934,37.614989537469874,126.9293532503611
은평구,불광2동,4.0,안전,유사 업종 경쟁 치열,59.0,0.55,18693.031537348485,1.5714285714285714,37.622329517624436,126.92495154824947
은평구,수색동,8.055,위험,"배후 유동인구 부족, 집객 시설 인프라 부족",28.0,0.4827586206896552,15024.911426742423,1.3333333333333333,37.58385634746708,126.89476782464807
은평구,신사1동,2.553125,안전,상권 경쟁 강도 높음,66.5,0.5777777777777777,20199.54985628788,1.3805309734513274,37.59830371670546,126.91138438705572
은평구,신사2동,10.21125,위험,"배후 유동인구 부족, 집객 시설 인프라 부족",49.0,0.42,14356.170223181818,1.3333333333333333,37.59245862025057,126.90985643289076
은평구,역촌동,4.535,안전,상권 경쟁 강도 높음,108.75,0.856492027334852,40455.27120340909,1.3874538745387455,37.60461667969706,126.91579795681052
은평구,응암1동,4.2525,안전,"수요 대비 과포화, 유사 업종 경쟁 치열",70.5,0.9370629370629371,21909.320241590907,1.5857988165680474,37.5998285480901,126.92368646093396
은평구,응암2동,7.7125,위험,상권 경쟁 강도 높음,92.375,0.1927710843373494,21909.320241590907,1.309090909090909,37.59261035594885,126.92049397133438
은평구,응암3동,4.23875,안전,상권 경쟁 강도 높음,114.25,0.5639913232104121,21817.96308310606,1.2149532710280373,37.58917165872499,126.91739977195672
은평구,증산동,1.5425,안전,배후 유동인구 부족,63.0,0.40625,12252.665390757576,1.4054054054054055,37.58343825569664,126.90686141416563
은평구,진관동,3.945625,안전,"카페 밀도 매우 높음, 집객 시설 인프라 부족",7.0,11.375,56160.06421469697,1.2013201320132014,37.639367665870395,126.92477098095912
종로구,가회동,3.6225,안전,"카페 밀도 높음, 수요 대비 과포화 심함, 배후 유동인구 부족, 집객 시설 인프라 부족",48.0,1.5918367346938775,5870.278421060606,0.9203539823008849,37.58032015774819,126.98639740892766
종로구,무악동,2.7175,안전,"배후 유동인구 부족, 유사 업종 경쟁 치열, 집객 시설 인프라 부족",44.0,0.3111111111111111,6131.1440684848485,1.9310344827586208,37.5750508659389,126.95839697684437
종로구,부암동,2.765,안전,"카페 밀도 높음, 수요 대비 과포화, 배후 유동인구 부족, 집객 시설 인프라 부족",34.8,1.1452513966480449,10635.201024772728,1.0512820512820513,37.598342168134955,126.96197906051557
종로구,사직동,3.39125,안전,"카페 밀도 매우 높음, 수요 대비 과포화 심함",71.66666666666667,2.944954128440367,24407.365329545453,1.1988795518207283,37.57385052867141,126.97239450276865
종로구,숭인1동,7.61875,위험,배후 유동인구 부족,67.0,0.11764705882352941,8445.313516893939,1.391304347826087,37.57579262300553,127.01635456955728
종로구,숭인2동,3.78375,안전,"배후 유동인구 부족, 유사 업종 경쟁 치열",86.66666666666667,0.33079847908745247,11601.428628030304,1.7846153846153847,37.57383970554609,127.019958732664
종로구,이화동,2.1125,안전,"카페 밀도 높음, 수요 대비 과포화",77.66666666666667,1.4110169491525424,32128.715643333333,1.2944606413994169,37.57996286005049,127.00339895447583
종로구,창신1동,2.72,안전,"수요 대비 과포화, 배후 유동인구 부족",74.66666666666667,0.33039647577092507,7754.67689439394,0.9900990099009901,37.571837157441145,127.01372013150262
종로구,창신2동,6.21875,주의,배후 유동인구 부족,173.0,0.10344827586206896,7062.45233780303,1.2,37.57393933932103,127.0107591302325
종로구,창신3동,8.695,위험,"배후 유동인구 부족, 집객 시설 인프라 부족",48.0,0.16326530612244897,3527.2138434090907,1.1851851851851851,37.578687566066584,127.01401075227528
종로구,청운효자동,2.51,안전,"카페 밀도 높음, 수요 대비 과포화 심함, 배후 유동인구 부족, 집객 시설 인프라 부족",37.25,2.4313725490196076,17208.319808560605,0.8,37.581342511025404,126.9695344524743
종로구,평창동,0.94125,안전,"배후 유동인구 부족, 유사 업종 경쟁 치열, 집객 시설 인프라 부족",57.0,0.6551724137931034,18158.463446136364,1.4901960784313726,37.608444030489125,126.96641511095302
종로구,혜화동,4.23625,안전,"카페 밀도 높음, 수요 대비 과포화",73.25,1.7508417508417509,29900.564416969697,1.1899313501144164,37.585074660662684,126.99909857331087
중구,다산동,5.98125,주의,"수요 대비 과포화, 배후 유동인구 부족",67.25,0.6886446886446886,14273.256677121211,1.1058823529411765,37.555909899295465,127.0098197215897
중구,명동,3.42375,안전,"카페 밀도 매우 높음, 수요 대비 과포화 심함",79.0,3.375,38841.24701939394,1.2026726057906458,37.564734883704254,126.9838395362217
중구,소공동,3.619375,안전,"카페 밀도 매우 높음, 수요 대비 과포화 심함",64.0,2.753846153846154,24999.931561969697,1.4464646464646465,37.56341907132277,126.97619947041949
중구,신당5동,2.7975,안전,"수요 대비 과포화, 배후 유동인구 부족",142.0,0.16783216783216784,6500.0353825757575,1.4545454545454546,37.564578882289325,127.01989082257806
중구,신당동,4.793125,안전,수요 대비 과포화,59.5,0.9752066115702479,19423.285692272726,1.3038674033149171,37.566115735592554,127.01385213806357
중구,약수동,4.72,안전,"배후 유동인구 부족, 유사 업종 경쟁 치열",101.0,0.3235294117647059,13255.894997803032,1.4666666666666666,37.55223680765338,127.0100093835965
중구,장충동,2.3025,안전,"수요 대비 과포화, 배후 유동인구 부족",67.75,0.48,10800.225085681817,1.3333333333333333,37.56055393959888,127.00487180727114
중구,중림동,3.22,안전,"수요 대비 과포화 심함, 배후 유동인구 부족",66.0,0.6716417910447762,7964.223838863636,1.3235294117647058,37.55818168761317,126.96667150764766
중구,청구동,7.77125,위험,배후 유동인구 부족,95.0,0.10416666666666667,9317.6406625,0.8163265306122449,37.55730968543131,127.01376454130701
중구,필동,3.258125,안전,"카페 밀도 매우 높음, 수요 대비 과포화 심함, 배후 유동인구 부족, 집객 시설 인프라 부족",24.0,4.2,13983.531811742425,1.2612612612612613,37.56079298170903,126.99456918033103
중구,황학동,5.10625,주의,배후 유동인구 부족,64.0,0.5076923076923077,11917.865377651515,1.2815533980582525,37.56784747731716,127.02028648708433
중구,회현동,3.319375,안전,"카페 밀도 매우 높음, 수요 대비 과포화 심함, 집객 시설 인프라 부족",55.5,2.672566371681416,26809.87937409091,1.4046511627906977,37.55915007957387,126.97812985500919
중랑구,망우3동,5.291875,주의,배후 유동인구 부족,70.0,0.2535211267605634,9407.53322909091,0.9863013698630136,37.59271682920129,127.09841235800087
중랑구,망우본동,4.09125,안전,상권 경쟁 강도 높음,90.25,0.9863013698630136,39777.736212045456,1.3953488372093024,37.59991369501587,127.10041357161126
중랑구,면목2동,3.77625,안전,상권 경쟁 강도 높음,112.66666666666667,0.3343108504398827,19641.498245151517,1.1603053435114503,37.58984528322129,127.07842242943528
중랑구,면목4동,6.295,주의,배후 유동인구 부족,72.0,0.3561643835616438,14861.254106363636,1.2380952380952381,37.57428504853894,127.08369266382192
중랑구,면목5동,3.5925,안전,배후 유동인구 부족,62.5,0.2677165354330709,11516.911321060606,1.0,37.58462019191128,127.08032315897056
중랑구,면목7동,5.365,주의,배후 유동인구 부족,121.5,0.3020408163265306,15211.244745909089,1.3333333333333333,37.579041974836585,127.0867597441445
중랑구,면목본동,4.245,안전,유사 업종 경쟁 치열,133.0,0.373134328358209,27969.68684378788,1.7699115044247788,37.5883507327925,127.08930513563443
중랑구,묵1동,5.34625,주의,유사 업종 경쟁 치열,78.33333333333333,0.7058823529411765,24367.453188333333,1.6842105263157894,37.614290481461445,127.07987978271507
중랑구,묵2동,5.15375,주의,배후 유동인구 부족,115.5,0.2575107296137339,17512.145374772725,1.0526315789473684,37.60986901624597,127.07627270885172
중랑구,상봉1동,7.105,위험,배후 유동인구 부족,110.0,0.3153153153153153,17954.94585060606,1.320754716981132,37.59980428701269,127.08975186261604
중랑구,상봉2동,4.66875,안전,유사 업종 경쟁 치열,115.33333333333333,0.5587392550143266,22880.871126590908,1.5384615384615385,37.59437045097457,127.08379338418659
중랑구,신내1동,3.4975,안전,상권 경쟁 강도 높음,72.5,0.8027210884353742,33351.2331575,1.4567901234567902,37.60866210481015,127.10072936944226
중랑구,신내2동,5.33,주의,유사 업종 경쟁 치열,72.5,0.35374149659863946,33351.2331575,1.8245614035087718,37.610670797597635,127.0937259224603
중랑구,중화1동,6.0675,주의,배후 유동인구 부족,112.5,0.16740088105726872,15102.19901560606,1.1176470588235294,37.601532267695056,127.08154685256868
중랑구,중화2동,4.75,안전,집객 시설 인프라 부족,56.125,0.700218818380744,24908.503537954544,1.2698412698412698,37.599329735181115,127.07679094015302
